date,slot,event,reason,holding_bars,pnl_since_entry,entry_z,exit_z,capital_frac
2020-04-08 16:45:00+00:00,0,entry,signal_entry,0,0.0,-1.9848671780180571,,0.5838
2020-04-09 13:45:00+00:00,0,exit,cointegration_breakdown,15,0.03501268037107101,-1.9848671780180571,-0.5838886808092578,
2020-04-17 18:45:00+00:00,0,entry,signal_entry,0,0.0,2.597953552618517,,0.7641
2020-04-20 14:00:00+00:00,1,entry,signal_entry,0,0.0,2.5731047592886633,,0.2301
2020-05-07 13:30:00+00:00,0,exit,rank_dropped,357,-0.0041405681841665595,2.597953552618517,2.401789152592762,
2020-05-07 13:30:00+00:00,1,exit,rank_dropped,349,-0.0006211676016206437,2.5731047592886633,2.4072339659135857,
2020-05-14 17:00:00+00:00,0,entry,signal_entry,0,0.0,-1.7688492682117687,,0.5202
2020-05-15 13:30:00+00:00,1,entry,signal_entry,0,0.0,-1.7964263742152202,,0.4759
2020-05-18 13:45:00+00:00,0,exit,cointegration_breakdown,41,0.004845054201632264,-1.7688492682117687,-3.6509869308012517,
2020-05-18 13:45:00+00:00,1,exit,cointegration_breakdown,28,0.004069378855138138,-1.7964263742152202,-3.666116068841975,
2020-05-18 14:00:00+00:00,0,entry,signal_entry,0,0.0,-1.775694602127073,,0.5223
2020-05-18 17:15:00+00:00,1,entry,signal_entry,0,0.0,-3.6552767608716477,,0.4774
2020-05-20 14:15:00+00:00,0,exit,z_decay,55,0.014300544135587302,-1.775694602127073,-0.21123745986882722,
2020-05-21 13:45:00+00:00,0,entry,signal_entry,0,0.0,-2.648678309731009,,0.516
2020-05-28 14:00:00+00:00,0,exit,z_decay,109,0.0482840284312485,-2.648678309731009,0.005425284917354356,
2020-05-28 14:00:00+00:00,1,exit,z_decay,176,0.044400362029987206,-3.6552767608716477,-0.1645115632645721,
2020-05-28 15:15:00+00:00,0,entry,signal_entry,0,0.0,2.1925867423814736,,0.6449
2020-05-28 17:45:00+00:00,1,entry,signal_entry,0,0.0,2.3546394632448058,,0.3518
2020-06-05 13:45:00+00:00,1,exit,z_decay,146,-0.010385672121989422,2.3546394632448058,0.24413677747485896,
2020-06-05 14:30:00+00:00,1,entry,signal_entry,0,0.0,2.071750699444305,,0.3518
2020-06-11 13:30:00+00:00,0,exit,z_decay,263,0.0028368832713299244,2.1925867423814736,0.12027355072976074,
2020-06-11 19:15:00+00:00,0,entry,signal_entry,0,0.0,-2.3202435969513955,,0.5955
2020-06-11 20:00:00+00:00,1,exit,z_decay,130,0.016454450000756987,2.071750699444305,0.27257246631984927,
2020-06-12 13:30:00+00:00,1,entry,signal_entry,0,0.0,-2.568506939643347,,0.3992
2020-06-19 14:30:00+00:00,0,exit,rank_dropped,143,0.013091640927116595,-2.3202435969513955,-2.0192644525146215,
2020-06-19 14:30:00+00:00,1,exit,rank_dropped,139,0.0017142433169959827,-2.568506939643347,-2.0041295334562665,
2020-06-29 13:30:00+00:00,0,entry,signal_entry,0,0.0,-3.010603986381833,,0.8855
2020-07-01 16:15:00+00:00,0,exit,z_decay,65,0.02898619975924796,-3.010603986381833,0.05513835208839218,
2020-07-13 19:00:00+00:00,0,entry,signal_entry,0,0.0,1.705508366930523,,0.5016
2020-07-14 16:00:00+00:00,1,entry,signal_entry,0,0.0,2.774203460274779,,0.4958
2020-07-17 14:30:00+00:00,0,exit,rank_dropped,90,-0.006937107387220775,1.705508366930523,3.7082706051206467,
2020-07-17 14:30:00+00:00,1,exit,rank_dropped,75,-0.007095887108388358,2.774203460274779,3.7087210371557644,
2020-07-29 19:30:00+00:00,0,entry,signal_entry,0,0.0,2.3549284946395064,,0.6926
2020-07-30 14:30:00+00:00,0,exit,rank_dropped,7,0.008339048826325952,2.3549284946395064,2.5758261660485786,
2020-08-10 16:00:00+00:00,0,entry,signal_entry,0,0.0,2.3374270647277173,,0.6875
2020-08-10 17:00:00+00:00,1,entry,signal_entry,0,0.0,3.463329246382946,,0.2986
2020-08-11 14:30:00+00:00,0,exit,rank_dropped,21,-0.012947137743812918,2.3374270647277173,3.777896167542845,
2020-08-11 14:30:00+00:00,1,exit,rank_dropped,17,-0.005587987550475364,3.463329246382946,3.9785693400777484,
2020-08-12 13:30:00+00:00,0,entry,signal_entry,0,0.0,2.9711838175256635,,0.8739
2020-08-13 14:30:00+00:00,0,exit,rank_dropped,31,0.028391604719936937,2.9711838175256635,1.2661100767662594,
2020-09-04 13:45:00+00:00,0,entry,signal_entry,0,0.0,1.7894958775294927,,0.5263
2020-09-08 19:00:00+00:00,1,entry,signal_entry,0,0.0,-1.7084033537234038,,0.4293
2020-09-10 13:45:00+00:00,1,exit,z_decay,33,0.009206874572512342,-1.7084033537234038,-0.1972548211924174,
2020-09-10 14:00:00+00:00,1,entry,signal_entry,0,0.0,2.2603434742518926,,0.4293
2020-09-16 14:45:00+00:00,1,exit,z_decay,111,0.005412208025676738,2.2603434742518926,0.11014634057442638,
2020-09-21 17:15:00+00:00,1,entry,signal_entry,0,0.0,-3.682882700805995,,0.4293
2020-09-23 19:45:00+00:00,0,exit,z_decay,348,0.07135773970453878,1.7894958775294927,-0.22822889167610555,
2020-09-28 13:30:00+00:00,1,exit,rank_dropped,120,0.0007023547965710854,-3.682882700805995,-1.1103847495900558,
2020-10-08 20:00:00+00:00,0,entry,signal_entry,0,0.0,2.0505741632690797,,0.6031
2020-10-09 13:30:00+00:00,1,entry,signal_entry,0,0.0,2.028294113053687,,0.3748
2020-10-13 13:45:00+00:00,0,exit,cointegration_breakdown,56,-0.004302644975802208,2.0505741632690797,1.712989140157038,
2020-10-13 14:00:00+00:00,0,entry,signal_entry,0,0.0,1.8471603180306215,,0.5433
2020-10-15 18:30:00+00:00,0,exit,z_decay,72,0.009581837852781992,1.8471603180306215,0.20340671239007582,
2020-10-19 13:30:00+00:00,1,exit,rank_dropped,162,-0.0023471743682494045,2.028294113053687,0.8229245670778631,
2020-10-23 13:30:00+00:00,0,entry,signal_entry,0,0.0,-2.3330217357708865,,0.6862
2020-10-26 13:30:00+00:00,1,entry,signal_entry,0,0.0,2.487634716606863,,0.2823
2020-11-03 15:30:00+00:00,0,exit,rank_dropped,193,-0.02770082716224141,-2.3330217357708865,-2.0893605604623033,
2020-11-03 15:30:00+00:00,1,exit,rank_dropped,166,-0.010368092893316552,2.487634716606863,2.409711626699103,
2021-01-07 14:30:00+00:00,0,entry,signal_entry,0,0.0,-2.4144574843308533,,0.7101
2021-01-08 14:45:00+00:00,0,exit,z_decay,28,0.009547813847769019,-2.4144574843308533,0.005718786777031814,
2021-01-08 16:45:00+00:00,0,entry,signal_entry,0,0.0,3.063529520504306,,0.901
2021-01-12 15:15:00+00:00,0,exit,rank_dropped,48,-0.013919884197897785,3.063529520504306,2.363121921526531,
2021-01-28 17:45:00+00:00,0,entry,signal_entry,0,0.0,1.9149069774628094,,0.5632
2021-01-29 14:30:00+00:00,1,entry,signal_entry,0,0.0,2.1573758836129437,,0.4009
2021-02-05 14:30:00+00:00,0,exit,rank_dropped,149,-0.012730221578135642,1.9149069774628094,0.26741727241650715,
2021-02-05 14:30:00+00:00,1,exit,rank_dropped,135,-0.012181661507372474,2.1573758836129437,0.2597474831036507,
2021-02-16 18:30:00+00:00,0,entry,signal_entry,0,0.0,-1.9867173377734348,,0.5843
2021-02-16 19:00:00+00:00,1,entry,signal_entry,0,0.0,1.9771635803090652,,0.096
2021-02-17 18:15:00+00:00,1,exit,preempted,24,0.0002916304991067179,1.9771635803090652,1.9416769986548141,
2021-02-17 18:15:00+00:00,1,entry,preempt_entry,0,0.0,4.064550588624109,,0.096
2021-02-18 15:15:00+00:00,0,exit,rank_dropped,41,-0.0015162306462759199,-1.9867173377734348,-4.002277864561586,
2021-02-18 15:30:00+00:00,1,exit,rank_dropped,16,-0.0006407705292504157,4.064550588624109,3.664518880871952,
2021-03-23 14:45:00+00:00,0,entry,signal_entry,0,0.0,-1.735716926987766,,0.5105
2021-03-24 13:30:00+00:00,0,exit,z_decay,22,0.006390629983065327,-1.735716926987766,0.18570151835527177,
2021-03-29 13:30:00+00:00,0,entry,signal_entry,0,0.0,2.476275237573932,,0.7283
2021-03-30 13:45:00+00:00,1,entry,signal_entry,0,0.0,1.7959180780014556,,0.2666
2021-04-08 13:45:00+00:00,0,exit,rank_dropped,190,-0.0024850962041620224,2.476275237573932,1.308220398362134,
2021-04-08 13:45:00+00:00,1,exit,rank_dropped,162,0.0018471390638997512,1.7959180780014556,1.3086676148905192,
2021-04-27 17:00:00+00:00,0,entry,signal_entry,0,0.0,-1.7025265102344538,,0.5007
2021-04-29 13:30:00+00:00,0,exit,z_decay,40,0.00761731393633758,-1.7025265102344538,-0.1527765976614899,
2021-05-13 18:00:00+00:00,0,entry,signal_entry,0,0.0,1.9505532054073542,,0.5737
2021-05-13 19:30:00+00:00,1,entry,signal_entry,0,0.0,1.7347001887266205,,0.368
2021-05-14 14:00:00+00:00,0,exit,rank_dropped,11,-0.0025919056661328236,1.9505532054073542,2.0659144704663936,
2021-05-14 14:00:00+00:00,1,exit,rank_dropped,5,-0.0010338252338367524,1.7347001887266205,1.8651474222594124,
2021-05-25 16:15:00+00:00,0,entry,signal_entry,0,0.0,1.7776688306871362,,0.5228
2021-05-27 14:00:00+00:00,0,exit,rank_dropped,45,-0.0011565768982150736,1.7776688306871362,2.251448246186847,
2021-07-08 16:00:00+00:00,0,entry,signal_entry,0,0.0,-1.751507927779265,,0.5151
2021-07-08 19:45:00+00:00,1,entry,signal_entry,0,0.0,-1.8829803596746582,,0.4691
2021-07-14 16:15:00+00:00,0,exit,z_decay,109,0.010118850566979087,-1.751507927779265,-0.2960829192370878,
2021-07-14 16:30:00+00:00,1,exit,z_decay,95,0.012565660157370501,-1.8829803596746582,-0.23748272222631975,
2021-08-12 19:45:00+00:00,0,entry,signal_entry,0,0.0,-1.7871873774964562,,0.5256
2021-08-13 13:45:00+00:00,0,exit,cointegration_breakdown,3,-0.002297688678527557,-1.7871873774964562,-0.8201924494696222,
2021-08-16 17:30:00+00:00,0,entry,signal_entry,0,0.0,-1.8540120223391496,,0.5453
2021-08-16 19:45:00+00:00,1,entry,signal_entry,0,0.0,-1.8734872720461893,,0.1955
2021-09-02 13:30:00+00:00,0,exit,z_decay,335,0.01010132827067723,-1.8540120223391496,0.18566142493571208,
2021-09-02 13:45:00+00:00,1,exit,z_decay,327,0.003340383911125916,-1.8734872720461893,0.11616007920241105,
2021-09-07 17:15:00+00:00,0,entry,signal_entry,0,0.0,-2.173904520939187,,0.6394
2021-09-08 14:00:00+00:00,1,entry,signal_entry,0,0.0,-1.7696569133374984,,0.3586
2021-09-10 13:45:00+00:00,0,exit,cointegration_breakdown,67,-0.0033456996845561194,-2.173904520939187,-0.5519572658674323,
2021-09-14 17:30:00+00:00,0,entry,signal_entry,0,0.0,2.550437722086907,,0.445
2021-09-15 13:45:00+00:00,0,exit,cointegration_breakdown,12,0.005016896846646171,2.550437722086907,-0.4452429977883765,
2021-09-15 13:45:00+00:00,1,exit,z_decay,134,0.0052151292804133945,-1.7696569133374984,-0.055418444141410395,
2021-09-16 17:00:00+00:00,0,entry,signal_entry,0,0.0,-2.435112852699122,,0.7162
2021-09-16 19:45:00+00:00,1,entry,signal_entry,0,0.0,-2.0868609571191974,,0.2813
2021-09-23 13:45:00+00:00,0,exit,rank_dropped,122,-0.008326367363540624,-2.435112852699122,-2.7610348569341023,
2021-09-23 13:45:00+00:00,1,exit,rank_dropped,111,-0.004467275000828677,-2.0868609571191974,-2.701509409349951,
2021-10-12 14:00:00+00:00,0,entry,signal_entry,0,0.0,-1.858014265331708,,0.5465
2021-10-14 13:45:00+00:00,0,exit,rank_dropped,53,0.0042905601142968096,-1.858014265331708,-1.011219619067676,
2021-11-29 15:00:00+00:00,0,entry,signal_entry,0,0.0,-1.7019447904786038,,0.5006
2021-11-30 18:45:00+00:00,1,entry,signal_entry,0,0.0,-2.183893339555326,,0.4583
2021-12-01 14:30:00+00:00,0,exit,rank_dropped,52,0.004358414931164061,-1.7019447904786038,-0.9046595615652706,
2021-12-01 14:30:00+00:00,1,exit,rank_dropped,10,0.012504989356678688,-2.183893339555326,-0.8861319879754556,
2021-12-07 20:15:00+00:00,0,entry,signal_entry,0,0.0,2.0318417675523675,,0.5976
2021-12-10 14:45:00+00:00,0,exit,z_decay,59,0.013008019588358422,2.0318417675523675,0.1728615195635994,
2021-12-20 17:45:00+00:00,0,entry,signal_entry,0,0.0,-2.322506752933529,,0.6831
2021-12-20 20:15:00+00:00,1,entry,signal_entry,0,0.0,-1.7382064902734793,,0.3186
2021-12-21 17:45:00+00:00,0,exit,z_decay,27,0.02872338336678432,-2.322506752933529,-0.2817393818371925,
2021-12-21 17:45:00+00:00,1,exit,z_decay,17,0.010728836735985804,-1.7382064902734793,-0.16642795977983652,
2022-01-06 14:30:00+00:00,0,entry,signal_entry,0,0.0,2.155013715090808,,0.6338
2022-01-07 16:30:00+00:00,1,entry,signal_entry,0,0.0,2.098136020303827,,0.2913
2022-01-14 14:30:00+00:00,0,exit,z_decay,162,0.011741937860398436,2.155013715090808,-0.13091085235857614,
2022-01-14 14:30:00+00:00,1,exit,z_decay,127,0.006184685091449698,2.098136020303827,-0.2403563929443685,
2022-01-14 19:30:00+00:00,0,entry,signal_entry,0,0.0,-3.4666819376059848,,1.0
2022-01-19 20:45:00+00:00,0,exit,rank_dropped,59,-0.01247332726900351,-3.4666819376059848,-2.1921862640957315,
2022-02-09 17:30:00+00:00,0,entry,signal_entry,0,0.0,1.7416641845441054,,0.5123
2022-02-09 17:45:00+00:00,1,entry,signal_entry,0,0.0,1.7147816868966455,,0.4779
2022-02-14 14:30:00+00:00,1,exit,z_decay,68,0.01350063087767127,1.7147816868966455,0.2816489859762522,
2022-02-14 14:45:00+00:00,0,exit,z_decay,70,0.018462823760221386,1.7416641845441054,0.16238324494757556,
2022-02-24 18:45:00+00:00,0,entry,signal_entry,0,0.0,-2.9023520559748452,,0.8536
2022-03-07 19:45:00+00:00,1,entry,signal_entry,0,0.0,2.627836988606136,,0.1405
2022-03-09 15:15:00+00:00,1,exit,z_decay,11,0.0001480032219704807,2.627836988606136,0.29412211998528087,
2022-03-16 18:30:00+00:00,1,entry,signal_entry,0,0.0,-1.7902230981075336,,0.1405
2022-03-16 18:45:00+00:00,0,exit,z_decay,357,-0.02117309067149573,-2.9023520559748452,-0.269218530046757,
2022-03-18 19:45:00+00:00,1,exit,rank_dropped,59,0.0008393399328834741,-1.7902230981075336,-2.429789711287609,
2022-03-30 18:45:00+00:00,0,entry,signal_entry,0,0.0,-2.900143617806705,,0.853
2022-03-31 18:45:00+00:00,1,entry,signal_entry,0,0.0,-2.4859616931094677,,0.1457
2022-04-05 13:30:00+00:00,1,exit,z_decay,60,-0.0005354265791153624,-2.4859616931094677,-0.1751377040515474,
2022-04-05 13:45:00+00:00,0,exit,z_decay,88,-0.010039940978719386,-2.900143617806705,-0.051179096137436236,
2022-04-06 18:45:00+00:00,0,entry,signal_entry,0,0.0,-1.787218251944003,,0.5257
2022-04-07 18:45:00+00:00,1,entry,signal_entry,0,0.0,-2.0358553758519515,,0.4544
2022-04-20 18:45:00+00:00,0,exit,rank_dropped,243,0.02832107179726257,-1.787218251944003,2.1724387315364897,
2022-04-20 18:45:00+00:00,1,exit,rank_dropped,216,0.028704609098255188,-2.0358553758519515,2.1625969663200957,
2022-04-26 17:45:00+00:00,0,entry,signal_entry,0,0.0,-1.7345785803031983,,0.5102
2022-05-02 14:30:00+00:00,1,entry,signal_entry,0,0.0,-1.948405411611378,,0.4891
2022-05-06 19:00:00+00:00,0,exit,rank_dropped,221,-0.007011500719920888,-1.7345785803031983,-1.8775166076181258,
2022-05-06 19:00:00+00:00,1,exit,rank_dropped,126,-0.002131371764362775,-1.948405411611378,-1.9318319763697083,
2022-05-12 15:15:00+00:00,0,entry,signal_entry,0,0.0,-1.726752479044361,,0.5079
2022-05-17 15:30:00+00:00,0,exit,z_decay,82,0.01340171333893374,-1.726752479044361,-0.2916294511738548,
2022-05-17 16:15:00+00:00,0,entry,signal_entry,0,0.0,1.7112338979326231,,0.5033
2022-05-18 13:30:00+00:00,1,entry,signal_entry,0,0.0,1.7810889683328797,,0.494
2022-05-18 19:45:00+00:00,0,exit,rank_dropped,41,0.0016411427734709366,1.7112338979326231,2.5192006673898595,
2022-05-18 19:45:00+00:00,1,exit,rank_dropped,25,0.0013796575477967024,1.7810889683328797,2.530202768416835,
2022-06-27 14:00:00+00:00,0,entry,signal_entry,0,0.0,2.224059497955144,,0.6541
2022-06-28 13:45:00+00:00,0,exit,z_decay,26,0.009862981980180659,2.224059497955144,0.1858231786730441,
2022-06-29 18:30:00+00:00,0,entry,signal_entry,0,0.0,1.8450401484859258,,0.5427
2022-06-29 18:45:00+00:00,1,entry,signal_entry,0,0.0,1.9516782283538963,,0.3572
2022-07-07 15:15:00+00:00,0,exit,z_decay,122,0.008682319375897888,1.8450401484859258,0.2550516323973958,
2022-07-07 15:15:00+00:00,1,exit,z_decay,121,0.006863157528025567,1.9516782283538963,0.25927007165543026,
2022-07-14 18:45:00+00:00,0,entry,signal_entry,0,0.0,-1.866976519865211,,0.5491
2022-07-15 18:45:00+00:00,1,entry,signal_entry,0,0.0,4.893981420389772,,0.426
2022-07-22 18:45:00+00:00,0,exit,rank_dropped,162,0.06930347014429455,-1.866976519865211,1.6889799916054697,
2022-07-22 18:45:00+00:00,1,exit,rank_dropped,135,-0.006935829202037497,4.893981420389772,1.68494391743929,
2022-07-29 14:45:00+00:00,0,entry,signal_entry,0,0.0,1.8399806190465229,,0.5412
2022-07-29 18:45:00+00:00,1,entry,signal_entry,0,0.0,2.273616526658229,,0.4551
2022-08-04 19:30:00+00:00,0,exit,rank_dropped,127,-0.008360576716003959,1.8399806190465229,3.0233121494595507,
2022-08-04 19:30:00+00:00,1,exit,rank_dropped,111,-0.005708790390194948,2.273616526658229,3.0310566342508385,
2022-09-08 18:45:00+00:00,0,entry,signal_entry,0,0.0,3.093621330728854,,0.9099
2022-09-09 18:45:00+00:00,1,entry,signal_entry,0,0.0,2.0619435717416033,,0.0857
2022-09-13 13:30:00+00:00,0,exit,z_decay,60,0.015341881140021604,3.093621330728854,-0.0065907007945183544,
2022-09-13 13:30:00+00:00,1,exit,z_decay,33,0.0017188851652818122,2.0619435717416033,-0.05418224506374161,
2022-09-14 18:45:00+00:00,0,entry,signal_entry,0,0.0,-1.718278646995739,,0.5054
2022-09-16 17:30:00+00:00,1,entry,signal_entry,0,0.0,1.7252322881912927,,0.4933
2022-09-19 14:00:00+00:00,0,exit,z_decay,62,0.009145186515790889,-1.718278646995739,-0.2732026613578283,
2022-09-19 15:30:00+00:00,0,entry,signal_entry,0,0.0,1.8082522884288006,,0.5095
2022-09-21 13:30:00+00:00,0,exit,z_decay,46,0.008658821335524168,1.8082522884288006,-0.04205644345747937,
2022-09-21 17:30:00+00:00,1,exit,z_decay,81,0.0021070797952067667,1.7252322881912927,0.26670651299123305,
2022-09-22 16:30:00+00:00,0,entry,signal_entry,0,0.0,-2.4892321263584942,,0.7321
2022-09-23 18:30:00+00:00,1,entry,signal_entry,0,0.0,2.1988752294366436,,0.2689
2022-09-27 18:00:00+00:00,1,exit,z_decay,52,0.006542037478176281,2.1988752294366436,0.2557722417069964,
2022-09-28 18:45:00+00:00,0,exit,rank_dropped,117,-0.011932120508509904,-2.4892321263584942,-1.5990961740357739,
2022-10-04 19:45:00+00:00,0,entry,signal_entry,0,0.0,1.7575897503772528,,0.5169
2022-10-05 17:15:00+00:00,1,entry,signal_entry,0,0.0,-1.8092671824836624,,0.4809
2022-10-06 19:45:00+00:00,1,exit,z_decay,37,-0.0029141501227621103,-1.8092671824836624,-0.2983512826335741,
2022-10-07 13:45:00+00:00,0,exit,z_decay,57,0.015450779620135219,1.7575897503772528,0.18229976292423594,
2022-10-10 18:45:00+00:00,0,entry,signal_entry,0,0.0,-2.763347696316552,,0.8127
2022-10-11 15:45:00+00:00,1,entry,signal_entry,0,0.0,-1.7652434334545477,,0.1858
2022-10-13 13:30:00+00:00,1,exit,z_decay,45,0.00024143746369149568,-1.7652434334545477,0.2551057034580888,
2022-10-13 14:15:00+00:00,0,exit,z_decay,63,0.006026264128458761,-2.763347696316552,-0.1668188431836598,
2022-10-14 17:15:00+00:00,0,entry,signal_entry,0,0.0,3.5690039592143905,,1.0
2022-10-14 19:45:00+00:00,0,exit,rank_dropped,10,0.004573988366909954,3.5690039592143905,2.7861860713245,
2022-10-21 18:15:00+00:00,0,entry,signal_entry,0,0.0,2.574393989922416,,0.7572
2022-10-21 18:45:00+00:00,1,entry,signal_entry,0,0.0,2.6714494208348314,,0.2394
2022-10-25 19:30:00+00:00,0,exit,rank_dropped,59,-0.005517139865043591,2.574393989922416,1.6411047407315718,
2022-10-25 19:30:00+00:00,1,exit,rank_dropped,57,-0.0016121586511387443,2.6714494208348314,1.5938227795247248,
2022-11-02 19:45:00+00:00,0,entry,signal_entry,0,0.0,1.889187043612064,,0.5556
2022-11-03 18:45:00+00:00,1,entry,signal_entry,0,0.0,2.355578538196391,,0.4189
2022-11-10 19:45:00+00:00,0,exit,rank_dropped,158,-0.012809734616063329,1.889187043612064,1.4119981278311466,
2022-11-10 19:45:00+00:00,1,exit,rank_dropped,135,-0.008855947773087503,2.355578538196391,1.4698428225119857,
2022-11-11 17:45:00+00:00,0,entry,signal_entry,0,0.0,-2.1045088382869737,,0.619
2022-11-15 18:45:00+00:00,1,entry,signal_entry,0,0.0,1.7018701112257955,,0.3546
2022-11-17 14:30:00+00:00,1,exit,z_decay,37,0.004761047832527312,1.7018701112257955,0.1756475440061801,
2022-11-17 14:45:00+00:00,1,entry,signal_entry,0,0.0,-2.4175223443923333,,0.3546
2022-11-17 19:45:00+00:00,0,exit,rank_dropped,116,-0.017821444767651063,-2.1045088382869737,-2.251272367283316,
2022-11-18 14:30:00+00:00,0,entry,signal_entry,0,0.0,-1.7036481575741151,,0.5011
2022-11-21 17:15:00+00:00,0,exit,z_decay,38,0.004811240774167186,-1.7036481575741151,-0.1818135518060054,
2022-11-21 17:15:00+00:00,1,exit,z_decay,64,0.006988837370072357,-2.4175223443923333,-0.17248987927530754,
2022-11-23 20:45:00+00:00,0,entry,signal_entry,0,0.0,-1.747752185076527,,0.514
2022-11-29 19:00:00+00:00,1,entry,signal_entry,0,0.0,-2.397874660468702,,0.4838
2022-12-01 20:15:00+00:00,0,exit,rank_dropped,133,-0.01131871824084626,-1.747752185076527,-2.860988934270706,
2022-12-01 20:15:00+00:00,1,exit,rank_dropped,59,-0.004235551988541558,-2.397874660468702,-2.65206963680628,
2022-12-16 16:30:00+00:00,0,entry,signal_entry,0,0.0,-1.9543538804194729,,0.5748
2022-12-16 17:45:00+00:00,1,entry,signal_entry,0,0.0,-1.707295661103053,,0.4252
2022-12-22 14:45:00+00:00,0,exit,cointegration_breakdown,101,-0.009485740963098288,-1.9543538804194729,-3.2676761057729964,
2022-12-27 14:45:00+00:00,1,exit,cointegration_breakdown,150,-0.005387421021435711,-1.707295661103053,-1.7116636915288101,
2023-01-06 19:45:00+00:00,0,entry,signal_entry,0,0.0,2.28833126204964,,0.673
2023-01-09 19:45:00+00:00,1,entry,signal_entry,0,0.0,1.7341358449424844,,0.3178
2023-01-17 15:30:00+00:00,0,exit,z_decay,145,0.009395177032561491,2.28833126204964,0.2558786971546438,
2023-01-19 14:30:00+00:00,1,exit,z_decay,168,0.0033975624968180184,1.7341358449424844,0.15536591626335955,
2023-02-27 19:45:00+00:00,0,entry,signal_entry,0,0.0,2.1434063412404316,,0.6304
2023-03-01 14:30:00+00:00,1,entry,signal_entry,0,0.0,1.9716256002602397,,0.3696
2023-03-03 20:30:00+00:00,0,exit,rank_dropped,111,-0.002903206239166713,2.1434063412404316,1.9519452924751781,
2023-03-03 20:30:00+00:00,1,exit,rank_dropped,78,-0.0015922906276656702,1.9716256002602397,1.951109255657125,
2023-03-17 16:30:00+00:00,0,entry,signal_entry,0,0.0,-1.7968388258735766,,0.5285
2023-03-17 18:45:00+00:00,1,entry,signal_entry,0,0.0,-1.7505244947023242,,0.4715
2023-03-22 19:15:00+00:00,0,exit,rank_dropped,92,0.003087717740794569,-1.7968388258735766,-1.415772117184086,
2023-03-22 19:15:00+00:00,1,exit,rank_dropped,83,0.004100514425128923,-1.7505244947023242,-1.440214353417189,
2023-03-23 18:45:00+00:00,0,entry,signal_entry,0,0.0,2.12203628875309,,0.6241
2023-03-31 18:45:00+00:00,0,exit,rank_dropped,162,-0.010859188106467198,2.12203628875309,1.589259354749765,
2023-04-06 18:45:00+00:00,0,entry,signal_entry,0,0.0,-1.708121751966334,,0.5024
2023-04-06 19:00:00+00:00,1,entry,signal_entry,0,0.0,-1.7329262235323635,,0.4956
2023-04-14 16:45:00+00:00,1,exit,preempted,126,0.005063413630322129,-1.7329262235323635,-1.424934687729537,
2023-04-14 16:45:00+00:00,1,entry,preempt_entry,0,0.0,3.545469708512016,,0.4956
2023-04-18 13:30:00+00:00,0,exit,z_decay,168,0.019293675089173908,-1.708121751966334,-0.2738678492235693,
2023-04-20 18:45:00+00:00,1,exit,rank_dropped,116,-0.0040221445470284755,3.545469708512016,1.6767191246282946,
2023-04-21 16:45:00+00:00,0,entry,signal_entry,0,0.0,1.8526612820533919,,0.5449
2023-04-21 18:45:00+00:00,1,entry,signal_entry,0,0.0,2.234389171997327,,0.4344
2023-05-01 19:00:00+00:00,0,exit,z_decay,171,0.008582097411599631,1.8526612820533919,0.2918265988603757,
2023-05-01 19:00:00+00:00,1,exit,z_decay,163,0.00839100172637057,2.234389171997327,0.2918280926577029,
2023-05-10 17:30:00+00:00,0,entry,signal_entry,0,0.0,-1.705761218199968,,0.5017
2023-05-11 18:00:00+00:00,1,entry,signal_entry,0,0.0,-1.7468422843619822,,0.4983
2023-05-16 18:45:00+00:00,0,exit,rank_dropped,113,-0.0053781160838608805,-1.705761218199968,-1.9854096629997993,
2023-05-16 19:00:00+00:00,0,entry,signal_entry,0,0.0,-1.8461210309097213,,0.5019
2023-05-25 13:45:00+00:00,0,exit,cointegration_breakdown,168,-0.0022111799974400465,-1.8461210309097213,-1.2888906432185183,
2023-05-25 13:45:00+00:00,1,exit,cointegration_breakdown,253,-0.004204517431473979,-1.7468422843619822,-1.2912267412986003,
2023-05-25 14:00:00+00:00,0,entry,signal_entry,0,0.0,1.7043071666004872,,0.5013
2023-06-01 13:30:00+00:00,0,exit,z_decay,106,0.00957517886477518,1.7043071666004872,0.1360229119965893,
2023-06-06 17:00:00+00:00,0,entry,signal_entry,0,0.0,2.0981127777474935,,0.6171
2023-06-06 18:45:00+00:00,1,entry,signal_entry,0,0.0,2.010444256224339,,0.3852
2023-06-12 13:45:00+00:00,0,exit,cointegration_breakdown,95,-0.003431435260620177,2.0981127777474935,1.7796067673394185,
2023-06-12 13:45:00+00:00,1,exit,cointegration_breakdown,88,-0.0030155829081631095,2.010444256224339,1.8337735721286677,
2023-06-21 18:45:00+00:00,0,entry,signal_entry,0,0.0,-2.0322706696690225,,0.5977
2023-06-23 14:45:00+00:00,1,entry,signal_entry,0,0.0,-1.7110678820139835,,0.4034
2023-06-26 15:30:00+00:00,1,exit,z_decay,30,0.004516273064791087,-1.7110678820139835,-0.19440124675387624,
2023-06-26 19:15:00+00:00,0,exit,rank_dropped,83,-0.014320708837406666,-2.0322706696690225,-2.2290673051825585,
2023-07-07 19:30:00+00:00,0,entry,signal_entry,0,0.0,1.7241925734828023,,0.5071
2023-07-10 19:30:00+00:00,1,entry,signal_entry,0,0.0,1.7481313141144057,,0.4929
2023-07-18 18:45:00+00:00,0,exit,rank_dropped,186,-0.019097667654035,1.7241925734828023,1.652892090618207,
2023-07-18 18:45:00+00:00,1,exit,rank_dropped,159,-0.01459797623018263,1.7481313141144057,1.9349118012973066,
2023-08-09 18:45:00+00:00,0,entry,signal_entry,0,0.0,-1.972918299839543,,0.5803
2023-08-10 19:45:00+00:00,0,exit,rank_dropped,31,-0.002388472695837137,-1.972918299839543,-1.7855598657192426,
2023-10-03 17:15:00+00:00,0,entry,signal_entry,0,0.0,2.6528630308299475,,0.7803
2023-10-04 19:15:00+00:00,0,exit,rank_dropped,35,0.0019366416281927207,2.6528630308299475,1.7690354145964255,
2023-10-12 19:45:00+00:00,0,entry,signal_entry,0,0.0,-2.029638272716074,,0.597
2023-10-13 17:00:00+00:00,1,entry,signal_entry,0,0.0,1.8235948026039603,,0.3832
2023-10-13 19:30:00+00:00,1,exit,preempted,10,0.0007952550137738744,1.8235948026039603,1.8682722754582255,
2023-10-13 19:30:00+00:00,1,entry,preempt_entry,0,0.0,3.6841840865339,,0.3832
2023-10-17 13:45:00+00:00,0,exit,cointegration_breakdown,57,-0.006423894276080898,-2.029638272716074,-3.723534000670964,
2023-10-17 13:45:00+00:00,1,exit,cointegration_breakdown,31,-0.006553040508643299,3.6841840865339,3.6683859174520417,
2023-10-17 15:00:00+00:00,0,entry,signal_entry,0,0.0,1.9197130475614081,,0.5646
2023-10-20 13:30:00+00:00,0,exit,z_decay,75,0.0093111074434767,1.9197130475614081,-0.10464311247132549,
2023-10-27 16:15:00+00:00,0,entry,signal_entry,0,0.0,-2.7020889496735307,,0.7947
2023-10-27 19:45:00+00:00,0,exit,rank_dropped,14,-0.0057041573386536325,-2.7020889496735307,-2.8336919141608417,
2024-01-12 16:45:00+00:00,0,entry,signal_entry,0,0.0,2.276637952197552,,0.6696
2024-01-12 20:45:00+00:00,1,entry,signal_entry,0,0.0,1.7774242637499014,,0.3113
2024-01-16 14:45:00+00:00,1,exit,cointegration_breakdown,3,-0.003950088593075463,1.7774242637499014,6.649651518821562,
2024-01-16 15:15:00+00:00,1,entry,signal_entry,0,0.0,1.7293036627620362,,0.3113
2024-01-16 18:00:00+00:00,1,exit,preempted,11,0.0008278051995696217,1.7293036627620362,1.3898791081706983,
2024-01-16 18:00:00+00:00,1,entry,preempt_entry,0,0.0,5.183970448839873,,0.3113
2024-01-19 20:00:00+00:00,1,exit,rank_dropped,89,-0.0018467710331086273,5.183970448839873,2.10866965252451,
2024-01-19 20:45:00+00:00,0,exit,rank_dropped,124,-0.0032858530538478893,2.276637952197552,2.068295741349369,
2024-01-26 17:30:00+00:00,0,entry,signal_entry,0,0.0,2.607628127917188,,0.7669
2024-01-30 18:15:00+00:00,1,entry,signal_entry,0,0.0,-3.026485608248289,,0.1723
2024-01-31 20:30:00+00:00,0,exit,rank_dropped,93,-0.0019056252270686393,2.607628127917188,1.347783093428052,
2024-01-31 20:30:00+00:00,1,exit,rank_dropped,36,0.00016476720541345568,-3.026485608248289,-1.5979773637536017,
2024-02-15 20:45:00+00:00,0,entry,signal_entry,0,0.0,-1.9815872640698908,,0.5828
2024-02-16 19:45:00+00:00,1,entry,signal_entry,0,0.0,-1.8347682742574964,,0.4173
2024-02-21 20:45:00+00:00,0,exit,rank_dropped,81,-0.0063154422662060105,-1.9815872640698908,-2.5875994440119623,
2024-02-21 20:45:00+00:00,1,exit,rank_dropped,58,-0.00466755837990607,-1.8347682742574964,-2.5913712792037176,
2024-03-07 19:15:00+00:00,0,entry,signal_entry,0,0.0,-1.7434987622005829,,0.5128
2024-03-11 16:00:00+00:00,1,entry,signal_entry,0,0.0,-1.91390570672078,,0.4397
2024-03-13 14:15:00+00:00,1,exit,z_decay,47,0.004328395230327015,-1.91390570672078,-0.24210442952956487,
2024-03-18 15:45:00+00:00,1,entry,signal_entry,0,0.0,-1.8349860311098127,,0.4397
2024-03-20 18:30:00+00:00,1,exit,z_decay,65,0.004627673832723892,-1.8349860311098127,-0.06620131789976384,
2024-03-20 19:00:00+00:00,0,exit,z_decay,246,0.002724436708217224,-1.7434987622005829,-0.2574043643726283,
2024-03-22 18:45:00+00:00,0,entry,signal_entry,0,0.0,1.9417892510344512,,0.5711
2024-03-26 17:45:00+00:00,1,entry,signal_entry,0,0.0,1.7425746546130543,,0.4152
2024-04-01 19:30:00+00:00,0,exit,rank_dropped,138,-0.005812917330714986,1.9417892510344512,1.471628550154695,
2024-04-01 19:30:00+00:00,1,exit,rank_dropped,88,-0.0033001809619997045,1.7425746546130543,1.4681467526890748,
2024-04-09 18:45:00+00:00,0,entry,signal_entry,0,0.0,1.8091512963951477,,0.5321
2024-04-10 15:45:00+00:00,0,exit,z_decay,15,0.008227352238749852,1.8091512963951477,0.2714073658037699,
2024-04-11 16:00:00+00:00,0,entry,signal_entry,0,0.0,-1.7107225185497479,,0.5032
2024-04-16 13:45:00+00:00,0,exit,cointegration_breakdown,72,-0.003948638035237598,-1.7107225185497479,0.45744946072376724,
2024-04-26 18:15:00+00:00,0,entry,signal_entry,0,0.0,2.116968314552939,,0.6226
2024-04-26 19:45:00+00:00,0,exit,rank_dropped,6,-0.0001836500544783366,2.116968314552939,2.2102724686235335,
2024-05-09 17:45:00+00:00,0,entry,signal_entry,0,0.0,1.756805869493002,,0.5167
2024-05-16 18:45:00+00:00,1,entry,signal_entry,0,0.0,1.842417807459993,,0.4815
2024-05-20 18:15:00+00:00,1,exit,z_decay,52,0.005148581556920598,1.842417807459993,0.12290408665493181,
2024-05-23 13:30:00+00:00,0,exit,z_decay,253,-0.007167037237775148,1.756805869493002,0.16970650423420158,
2024-05-31 18:45:00+00:00,0,entry,signal_entry,0,0.0,3.2838077406496233,,0.9658
2024-06-04 14:45:00+00:00,1,entry,signal_entry,0,0.0,2.489090286302343,,0.03
2024-06-21 18:45:00+00:00,0,exit,z_decay,378,0.0013405618691904714,3.2838077406496233,0.2926527573381486,
2024-06-21 18:45:00+00:00,1,exit,z_decay,340,8.725849741371174e-05,2.489090286302343,0.28907507296010887,
2024-06-26 15:30:00+00:00,0,entry,signal_entry,0,0.0,1.8262889044253332,,0.5371
2024-06-27 15:30:00+00:00,0,exit,z_decay,27,0.004629269638989762,1.8262889044253332,0.09100178246453725,
2024-06-28 18:45:00+00:00,0,entry,signal_entry,0,0.0,2.164624432714132,,0.6367
2024-07-01 18:45:00+00:00,1,entry,signal_entry,0,0.0,2.0479379017281594,,0.3638
2024-07-08 13:45:00+00:00,1,exit,z_decay,88,0.002290324349946638,2.0479379017281594,0.2508863145841993,
2024-07-08 14:30:00+00:00,0,exit,z_decay,118,-0.0032019721732398088,2.164624432714132,0.2666117419536701,
2024-07-08 19:00:00+00:00,0,entry,signal_entry,0,0.0,2.4393788175677495,,0.7175
2024-07-10 18:45:00+00:00,1,entry,signal_entry,0,0.0,1.7364105223880006,,0.2781
2024-07-12 13:45:00+00:00,1,exit,cointegration_breakdown,34,-0.00568259842435042,1.7364105223880006,4.031950792326313,
2024-07-16 17:30:00+00:00,0,exit,z_decay,156,-0.022429593561542588,2.4393788175677495,0.22685083447548268,
2024-07-22 17:45:00+00:00,0,entry,signal_entry,0,0.0,1.722667327119199,,0.5067
2024-07-22 18:45:00+00:00,1,entry,signal_entry,0,0.0,1.8974605355476695,,0.49
2024-07-26 18:45:00+00:00,0,exit,rank_dropped,112,-0.0076657616446923265,1.722667327119199,1.4910276220510716,
2024-07-26 18:45:00+00:00,1,exit,rank_dropped,108,-0.0013625798940185684,1.8974605355476695,1.5032124875952648,
2024-08-02 13:30:00+00:00,0,entry,signal_entry,0,0.0,-2.3470184857088157,,0.6903
2024-08-15 18:45:00+00:00,0,exit,rank_dropped,264,-0.00532159147122434,-2.3470184857088157,-1.3223104745589844,
2024-09-19 14:30:00+00:00,0,entry,signal_entry,0,0.0,-1.744762714557627,,0.5132
2024-09-23 13:45:00+00:00,0,exit,cointegration_breakdown,51,-0.0042729724463559104,-1.744762714557627,-2.207903225392922,
2024-10-08 16:15:00+00:00,0,entry,signal_entry,0,0.0,-1.718422363763022,,0.5054
2024-10-11 17:00:00+00:00,1,entry,signal_entry,0,0.0,2.249610794740098,,0.4679
2024-10-15 17:45:00+00:00,0,exit,preempted,141,0.011039925212937663,-1.718422363763022,-1.8932908759997786,
2024-10-15 17:45:00+00:00,0,entry,preempt_entry,0,0.0,3.428845399678189,,0.4957
2024-10-15 19:45:00+00:00,0,exit,rank_dropped,8,0.0016117270676860541,3.428845399678189,2.9540431255828015,
2024-10-15 19:45:00+00:00,1,exit,rank_dropped,65,-0.01224719115793333,2.249610794740098,3.156667479438108,
2024-10-31 19:45:00+00:00,0,entry,signal_entry,0,0.0,-1.7082805932677936,,0.5024
2024-11-04 20:30:00+00:00,1,entry,signal_entry,0,0.0,-1.8306162927404872,,0.4948
2024-11-07 20:00:00+00:00,0,exit,rank_dropped,132,0.021523770660655417,-1.7082805932677936,2.0804641806147393,
2024-11-07 20:00:00+00:00,1,exit,rank_dropped,79,0.024637496324754427,-1.8306162927404872,2.1425109490089342,
2024-12-06 20:15:00+00:00,0,entry,signal_entry,0,0.0,1.7916343914325232,,0.527
2024-12-09 19:45:00+00:00,1,entry,signal_entry,0,0.0,2.126314648367077,,0.3439
2024-12-12 14:30:00+00:00,0,exit,z_decay,85,0.0038888449704065943,1.7916343914325232,0.10432724495215517,
2024-12-12 14:30:00+00:00,1,exit,z_decay,60,0.0017495684395238452,2.126314648367077,0.10776948540762075,
2024-12-19 19:45:00+00:00,0,entry,signal_entry,0,0.0,-2.854280443800674,,0.8395
2024-12-20 19:45:00+00:00,1,entry,signal_entry,0,0.0,2.5411444031244206,,0.1584
2024-12-27 20:15:00+00:00,0,exit,rank_dropped,135,0.0073939118362675174,-2.854280443800674,-1.3563881380562393,
2024-12-30 20:15:00+00:00,1,exit,rank_dropped,135,-0.001298376837222082,2.5411444031244206,1.6481000661475746,
2025-01-02 18:30:00+00:00,0,entry,signal_entry,0,0.0,1.7621239163261124,,0.5183
2025-01-02 20:00:00+00:00,1,entry,signal_entry,0,0.0,1.745257444867706,,0.3767
2025-01-06 14:45:00+00:00,0,exit,z_decay,39,0.0001035121425314138,1.7621239163261124,0.2395549192783664,
2025-01-06 15:30:00+00:00,1,exit,z_decay,36,0.00044122879033217524,1.745257444867706,0.17176133999095114,
2025-01-07 18:00:00+00:00,0,entry,signal_entry,0,0.0,2.1330857124076794,,0.6274
2025-01-10 17:45:00+00:00,1,entry,signal_entry,0,0.0,2.0858495167410727,,0.3691
2025-01-13 14:45:00+00:00,0,exit,cointegration_breakdown,68,-0.0024649406467596377,2.1330857124076794,3.5659537817582283,
2025-01-13 14:45:00+00:00,1,exit,cointegration_breakdown,15,-0.004430523300770267,2.0858495167410727,3.5737501922591344,
2025-02-05 15:15:00+00:00,0,entry,signal_entry,0,0.0,1.7384337215389325,,0.5113
2025-02-06 14:30:00+00:00,0,exit,rank_dropped,24,0.0023284497106492307,1.7384337215389325,1.2631519914014893,
2025-02-28 16:30:00+00:00,0,entry,signal_entry,0,0.0,2.3151381067866876,,0.6809
2025-02-28 20:15:00+00:00,1,entry,signal_entry,0,0.0,1.8810534469672664,,0.271
2025-03-04 21:00:00+00:00,0,exit,rank_dropped,72,0.01779785037057504,2.3151381067866876,1.9296642105151356,
2025-03-04 21:00:00+00:00,1,exit,rank_dropped,57,0.007645562640303024,1.8810534469672664,1.9554744553616565,
2025-03-10 19:45:00+00:00,0,entry,signal_entry,0,0.0,-1.810068060750301,,0.5324
2025-03-11 16:00:00+00:00,0,exit,z_decay,12,0.005520175509724048,-1.810068060750301,-0.20104489281372787,
2025-03-19 19:00:00+00:00,0,entry,signal_entry,0,0.0,-1.8721811693235333,,0.5506
2025-03-20 16:00:00+00:00,0,exit,z_decay,15,0.003579860064892379,-1.8721811693235333,-0.18554189725257,
2025-03-26 19:15:00+00:00,0,entry,signal_entry,0,0.0,-1.9222030414453857,,0.5654
2025-04-02 14:00:00+00:00,0,exit,z_decay,114,-0.007871299871117017,-1.9222030414453857,-0.11153822175769125,
2025-04-04 19:15:00+00:00,0,entry,signal_entry,0,0.0,-1.9223139250742052,,0.5654
2025-04-08 13:30:00+00:00,1,entry,signal_entry,0,0.0,-1.73002278773264,,0.4022
2025-04-14 19:15:00+00:00,0,exit,rank_dropped,162,0.0018889173461150398,-1.9223139250742052,-1.8425081964181682,
2025-04-14 19:15:00+00:00,1,exit,rank_dropped,131,-0.010629180066450208,-1.73002278773264,-1.8700666843371352,
2025-04-15 18:30:00+00:00,0,entry,signal_entry,0,0.0,-2.450676431993164,,0.7208
2025-04-17 13:45:00+00:00,0,exit,z_decay,35,0.006029089717036597,-2.450676431993164,-0.2179697862697047,
2025-04-21 19:30:00+00:00,0,entry,signal_entry,0,0.0,-1.7903746931444857,,0.5266
2025-04-25 16:30:00+00:00,0,exit,z_decay,96,0.034028291357731735,-1.7903746931444857,-0.18886633075090142,
2025-05-15 19:15:00+00:00,0,entry,signal_entry,0,0.0,2.9273265456450437,,0.861
2025-05-16 13:45:00+00:00,0,exit,cointegration_breakdown,5,-0.0021979523538241575,2.9273265456450437,3.737391061276731,
2025-05-16 14:45:00+00:00,0,entry,signal_entry,0,0.0,2.9668463935422666,,0.8726
2025-05-19 15:00:00+00:00,0,exit,z_decay,28,0.01686359490104632,2.9668463935422666,0.20030455118432192,
2025-06-06 13:30:00+00:00,0,entry,signal_entry,0,0.0,-2.170247702949066,,0.6383
2025-06-06 19:15:00+00:00,1,entry,signal_entry,0,0.0,-2.0105479356226037,,0.2853
2025-06-20 14:15:00+00:00,0,exit,z_decay,246,0.0032895128913573613,-2.170247702949066,-0.27434366235502056,
2025-06-20 14:15:00+00:00,1,exit,z_decay,223,0.002024319855837972,-2.0105479356226037,-0.26161263562034387,
2025-06-20 17:15:00+00:00,0,entry,signal_entry,0,0.0,1.8253033670581493,,0.5369
2025-06-27 15:45:00+00:00,0,exit,z_decay,129,-0.011612878046750779,1.8253033670581493,0.27085782410141473,
2025-06-27 18:00:00+00:00,0,entry,signal_entry,0,0.0,-2.4725156828535715,,0.7272
2025-06-27 19:15:00+00:00,1,entry,signal_entry,0,0.0,-2.4307316248409276,,0.2671
2025-07-01 15:00:00+00:00,0,exit,z_decay,42,0.0064106237675206285,-2.4725156828535715,-0.19527298354448672,
2025-07-01 15:00:00+00:00,1,exit,z_decay,37,0.002813905639977141,-2.4307316248409276,-0.12529745180183383,
2025-07-01 16:30:00+00:00,0,entry,signal_entry,0,0.0,-2.399627980877405,,0.7058
2025-07-01 19:15:00+00:00,1,entry,signal_entry,0,0.0,-1.7261463006884763,,0.2908
2025-07-14 19:15:00+00:00,0,exit,rank_dropped,227,-0.0020271994887952243,-2.399627980877405,-1.2253912109078942,
2025-07-14 19:15:00+00:00,1,exit,rank_dropped,216,-0.0017215519597249744,-1.7261463006884763,-1.2192465267465415,
2025-08-04 17:00:00+00:00,0,entry,signal_entry,0,0.0,2.6114400541192104,,0.7681
2025-08-04 19:15:00+00:00,1,entry,signal_entry,0,0.0,2.454242918128733,,0.1738
2025-08-06 13:30:00+00:00,0,exit,rank_dropped,40,0.0051817386607171945,2.6114400541192104,1.3692697639459779,
2025-08-06 13:30:00+00:00,1,exit,rank_dropped,31,0.0010354764646187944,2.454242918128733,1.3618695828045133,
2025-09-11 16:30:00+00:00,0,entry,signal_entry,0,0.0,1.8702362725156714,,0.5501
2025-09-12 13:30:00+00:00,0,exit,rank_dropped,15,-0.0017325245330255,1.8702362725156714,1.991614245435844,
2025-09-30 19:15:00+00:00,0,entry,signal_entry,0,0.0,1.8770256339867053,,0.5521
2025-10-02 13:30:00+00:00,0,exit,rank_dropped,31,0.005483209711627102,1.8770256339867053,2.218435510150832,
2025-10-03 20:00:00+00:00,0,entry,signal_entry,0,0.0,2.264887175685366,,0.6661
2025-10-10 13:30:00+00:00,0,exit,rank_dropped,109,-0.0025847891743029676,2.264887175685366,2.4350655072061054,
2025-10-22 14:15:00+00:00,0,entry,signal_entry,0,0.0,-1.969353393201881,,0.5792
2025-10-23 13:30:00+00:00,0,exit,rank_dropped,24,0.0009426816622466197,-1.969353393201881,-1.391721798958592,
2025-10-24 16:00:00+00:00,0,entry,signal_entry,0,0.0,-1.7019031496334072,,0.5006
2025-10-27 13:30:00+00:00,0,exit,rank_dropped,17,-0.001041107598013157,-1.7019031496334072,-2.8769475584425694,
2025-11-06 18:45:00+00:00,0,entry,signal_entry,0,0.0,1.7295049996170306,,0.5087
2025-11-06 20:15:00+00:00,1,entry,signal_entry,0,0.0,2.1550964849625482,,0.4903
2025-11-17 14:30:00+00:00,0,exit,z_decay,172,0.007126469910201117,1.7295049996170306,0.19772353262531991,
2025-11-17 14:30:00+00:00,1,exit,z_decay,166,0.008298959626628804,2.1550964849625482,0.2449301241298216,
2025-11-24 18:30:00+00:00,0,entry,signal_entry,0,0.0,-1.70249375608614,,0.5007
2025-11-24 20:15:00+00:00,0,exit,z_decay,7,0.0008601623618006563,-1.70249375608614,-0.20526936364608125,
2025-11-26 17:30:00+00:00,0,entry,signal_entry,0,0.0,-1.9511778655259508,,0.5739
2025-11-26 19:45:00+00:00,1,entry,signal_entry,0,0.0,1.7234189126393589,,0.4231
2025-12-04 16:15:00+00:00,1,exit,z_decay,121,0.004520304700643199,1.7234189126393589,0.21658874806392603,
2025-12-04 16:45:00+00:00,1,entry,signal_entry,0,0.0,-1.8766958408180745,,0.4231
2025-12-11 20:15:00+00:00,0,exit,rank_dropped,281,0.003867841413730491,-1.9511778655259508,-1.6569484207601803,
2025-12-11 20:15:00+00:00,1,exit,rank_dropped,149,-0.007267365194816939,-1.8766958408180745,-1.6589384949483275,
2025-12-18 15:45:00+00:00,0,entry,signal_entry,0,0.0,-1.799771008264073,,0.5293
2025-12-19 14:30:00+00:00,0,exit,rank_dropped,22,0.0025108752487058342,-1.799771008264073,-0.6014330615340587,
